{
    "version": 0,
    "presetName": "Custom",
    "stars": false,
    "topColor": {
        "r": 0.3803921639919281,
        "g": 0.6705882549285889,
        "b": 1.0,
        "a": 1.0
    },
    "horizonColor": {
        "r": 0.3607843220233917,
        "g": 0.6549019813537598,
        "b": 0.8823529481887817,
        "a": 1.0
    },
    "groundColor": {
        "r": 0.16078431904315949,
        "g": 0.250980406999588,
        "b": 0.32156863808631899,
        "a": 1.0
    },
    "haloColor": {
        "r": 0.7098039388656616,
        "g": 0.6705882549285889,
        "b": 0.5686274766921997,
        "a": 1.0
    },
    "haloExponent": 6.0,
    "haloStrength": 1.0,
    "shadowDistance": 200.0,
    "shadowCascades": 4,
    "shadowCascade4Split": {
        "x": 0.06700000166893006,
        "y": 0.20000000298023225,
        "z": 0.46700000762939455
    },
    "shadowProjection": 1,
    "shadowCascade2Split": 0.20000000298023225,
    "ambientMode": 0,
    "ambientIntensity": 1.0,
    "ambientSkyColor": {
        "r": 0.21176470816135407,
        "g": 0.22745098173618318,
        "b": 0.25882354378700259,
        "a": 1.0
    },
    "ambientEquatorColor": {
        "r": 0.11372549086809159,
        "g": 0.125490203499794,
        "b": 0.13333334028720857,
        "a": 1.0
    },
    "ambientGroundColor": {
        "r": 0.0470588244497776,
        "g": 0.04313725605607033,
        "b": 0.03529411926865578,
        "a": 1.0
    },
    "fog": false,
    "fogColor": {
        "r": 0.5,
        "g": 0.5,
        "b": 0.5,
        "a": 1.0
    },
    "fogMode": 1,
    "fogDensity": 0.009999999776482582,
    "fogStartDistance": 0.0,
    "fogEndDistance": 300.0,
    "defaultReflectionMode": 0,
    "reflectionIntensity": 1.0,
    "cloudShadows": false,
    "cloudSpeed1": 0.11999999731779099,
    "cloudSpeed2": 0.13750000298023225,
    "cloudStrength": 1.0,
    "cloudScale": 200.0,
    "cloudIntensity": 0.699999988079071,
    "globalLightEnabled": true,
    "globalLightRotation": {
        "x": 130.0,
        "y": 25.0,
        "z": 0.0
    },
    "globalLightColor": {
        "r": 1.0,
        "g": 0.95686274766922,
        "b": 0.8392156958580017,
        "a": 1.0
    },
    "globalLightIntensity": 0.6000000238418579,
    "globalShadowItensity": 1.0,
    "globalLightShadows": 2
}